Trait	snp	p_gxe	p_gxe_adj	cis	index	enclosingGene
FBgn0026533	3R_30285450	2.20609832804834e-10	0.0451152930380482	0	1	FBgn0010113
FBgn0026533	3R_30357186	2.80739006332656e-11	0.0315765272439701	0	1	FBgn0010113
FBgn0026533	3R_30479540	1.82417295137356e-10	0.0416904816387551	0	1	FBgn0039776
FBgn0026533	3R_30630060	1.00174120425912e-10	0.0347886976108914	0		
FBgn0030929	3L_20211703	1.85329822661689e-10	0.0416904816387551	0	1	FBgn0036951
FBgn0030929	3L_20895257	1.15267017557222e-10	0.0347886976108914	0		
FBgn0030929	3L_22929366	6.66515045923621e-11	0.0347886976108914	0		
FBgn0030929	3R_4304791	4.88349048219587e-11	0.0347886976108914	0		
FBgn0030929	3R_5153048	8.5711001090019e-11	0.0347886976108914	0	1	FBgn0037295
FBgn0030929	3R_8534942	1.23719043876225e-10	0.0347886976108914	0		
FBgn0030929	3R_8916980	2.54169353670089e-11	0.0315765272439701	0	1	FBgn0262614
FBgn0033826	2R_13296822	6.20292086506136e-08	0.0331767564512412	1		
